date,price_btc,ma7_btc,ma30_btc,price_eth,ma7_eth,ma30_eth
2025-01-11,94736.6267420969,96847.49122422778,97755.93949754762,3269.1759954061,3453.8282496859574,3524.1513199012866
2025-01-12,94559.5516722421,96319.32163904817,97574.56427444395,3283.5913228285,3400.001575556414,3504.309363593133
2025-01-13,94454.7708963881,95760.77612910383,97344.64898055946,3264.0709685337,3346.8895716068428,3482.86407389408
2025-01-14,94456.3493746993,94650.34110664697,97114.29360486497,3134.5520394596,3267.9477609498144,3458.4492818082394
2025-01-15,96574.0776879919,94596.33808096731,96842.71281052839,3224.8006483414,3245.7734069544426,3433.89878788028
2025-01-16,100313.1523982842,95352.97207930907,96650.68098262414,3447.0340476748,3263.1882667145996,3415.7046829412366
2025-01-17,100044.5792677638,96448.44400563804,96451.0031781281,3309.44661399,3276.0959480334427,3396.7060292738997
2025-01-18,104160.6935848423,97794.7392688874,96577.84042601782,3477.2842850848,3305.825703701829,3391.6734228419095
2025-01-19,104334.6157572439,99191.1769953162,96793.94915890068,3309.09956762,3309.469738672043,3387.4875594446403
2025-01-20,101275.3371481421,100165.54360270964,96913.41258660788,3208.1365439891,3301.479106594243,3378.8034802423936
2025-01-21,101764.9086017055,101209.62349228196,97065.48204104885,3263.0698698808,3319.838796654414,3376.3192351345297
2025-01-22,106182.2368201815,102582.21765402332,97435.08080343418,3326.0285404709,3334.2999241014854,3377.9905389035102
2025-01-23,103673.5350953779,103062.27232503671,97736.034944792,3237.2996671291,3304.3378697378143,3372.079146408453
2025-01-24,104067.6099120695,103636.99098850896,97915.09814160012,3332.5808931462,3307.642766760129,3366.57999991574
2025-01-25,104835.1925355596,103733.34798146856,98098.10608699637,3311.8499838687,3284.0092951578285,3360.4913017992603
2025-01-26,104796.0407773823,103799.26584148835,98402.03036472065,3320.1314101789,3285.5852726662424,3360.2360229329465
2025-01-27,102552.2487428021,103981.68178358262,98676.04041379635,3232.2767744706,3289.0338770207427,3357.0248769049936
2025-01-28,101958.4695374559,104009.33334583268,98901.83541661533,3173.5346079397,3276.2431253148716,3349.5482264860334
2025-01-29,101313.1126449827,103313.74417794714,99156.82425412674,3076.4937692857,3240.595300859843,3340.18699402984
2025-01-30,103718.9793981364,103320.23622119836,99526.54749636019,3114.4358854363,3223.043332046586,3332.0177254858036
2025-01-31,104781.5135100103,103422.2224494756,99902.3359884467,3248.2494843523,3210.9959879331714,3329.07212450535
2025-02-01,102382.3940972217,103071.82267257021,100168.94325450786,3296.3906348437,3208.7875095010286,3327.319570762687
2025-02-02,100674.7876254496,102483.0722222941,100296.36461494448,3125.0386801321,3180.9171194943433,3316.5495122017264
2025-02-03,97568.3165302487,101771.08190621505,100279.16373952587,2862.6976188716,3128.1200972659144,3291.829720177673
2025-02-04,101466.8606657039,101700.85206739334,100386.16780276601,2877.8138239499,3085.874270981657,3265.7442462514937
2025-02-05,98118.4392166447,101244.47014905933,100377.96279445423,2740.380976276,3037.858157694557,3235.89511225467
2025-02-06,96582.8868291905,100225.02835349563,100189.74587103067,2790.5521609256,2991.5890541930285,3206.0086938168965
2025-02-07,96635.4187533221,99061.30053111161,100179.18986721641,2686.6623167937,2911.3623159703716,3182.89673349972
2025-02-08,96558.4563096667,98229.30941860375,100230.58126387557,2623.4507017825,2815.2280398187713,3159.50742258068
2025-02-09,96558.2376250109,97641.2308471125,100369.97999192725,2635.6011418023,2745.3083914859426,3140.0576991488197
2025-02-10,96548.5786537958,97495.55400761924,100430.37838898387,2632.5358220552,2712.428134797886,3118.836360037123
2025-02-11,97399.981613832,96914.57128592324,100525.05938703686,2660.2967996436,2681.3542741827,3098.05987593096
2025-02-12,95739.9773707924,96574.79102223006,100567.89960285035,2603.0333698049,2661.7331875439713,3076.0252893066668
2025-02-13,97836.1885612748,96753.83412681354,100680.56090906954,2736.2703136032,2653.9786379264856,3062.7492317781202
2025-02-14,96561.6639990985,96743.29773335301,100680.14711943973,2675.7090007038,2652.4138784850716,3044.4461768568667
2025-02-15,97488.4814853646,96876.15847273843,100585.99142234241,2724.6698335874,2666.8737544571995,3020.36736972062
2025-02-16,97569.9516943046,97020.6890540661,100503.50383656044,2692.8213863864,2675.0480751120713,2999.8131954671667
2025-02-17,96149.3484548204,96963.65616849819,100236.45899889305,2659.9017474093,2678.9574930197996,2972.567110877984
2025-02-18,95776.1572385272,96731.68125774036,99951.17704826916,2741.9050800956,2690.6158187986575,2953.660627960503
2025-02-19,95495.8915329929,96696.81185234044,99758.52886109753,2669.4945006896,2700.1102660679,2935.7058931838533
2025-02-20,96554.8715625928,96513.76656681443,99584.86095979375,2714.8018364721,2697.043340763457,2917.4302920702303
2025-02-21,98384.3173824031,96774.14562157223,99324.9303118678,2741.5933625995,2706.4553924628426,2897.9491194745165
2025-02-22,96135.1554130529,96580.81332552769,99073.65098912365,2658.3470942919,2696.9807154206283,2878.6507003799434
2025-02-23,96564.1541429023,96437.12796104165,98823.53579681808,2764.3552334043,2707.1998364231854,2859.7098450552135
2025-02-24,96327.4630912783,96462.57290910708,98539.94481534204,2827.184408488,2731.0973594344287,2843.554325875856
2025-02-25,91396.7668693027,95836.94571350356,98093.30235173939,2503.1034200986,2696.9828365777144,2816.3200595398466
2025-02-26,88755.7693356979,94874.07111389001,97633.4197048359,2495.315451693,2672.100115292486,2791.7546821139267
2025-02-27,83900.1149652484,93066.2487428408,97031.474552429,2325.8539346994,2616.5361293249566,2763.4986596725835
2025-02-28,84709.1447784796,91112.65265656602,96478.00895687888,2305.322937803,2554.211782925457,2737.792965289826
2025-03-01,84441.9012237131,89442.18777237461,95835.43968439811,2235.204208609,2493.762799256471,2708.4852427289165
2025-03-02,86005.2562968102,87933.77379436146,95209.5644439581,2212.824351497,2414.972673269714,2673.97107163374
2025-03-03,94261.5328653844,87638.64090494804,94938.86906956353,2517.3382391623,2370.7089347946144,2648.00265844436
2025-03-04,86124.7141872217,86885.49052179362,94453.8666216226,2148.1995334702,2320.0083795619857,2615.44135355563
2025-03-05,87310.8053107829,86679.0670896629,94111.94958097374,2171.496943535,2273.7485926822715,2592.40133104441
2025-03-06,90604.0809852364,87636.77652108976,93749.85692495816,2241.3841149187,2261.681475570743,2571.1870074100366
2025-03-07,90001.4008760704,88392.81310645989,93479.28898027235,2202.3207363495,2246.9668753631,2553.2516660791534
2025-03-08,86773.3359755537,88725.87521386567,93152.3039518178,2140.7498089429,2233.4733896965145,2531.5915876797303
2025-03-09,86142.9833586432,88745.55050841325,92802.55610532849,2199.9995000806,2231.6412680656,2515.3694937892933
2025-03-10,80751.138933009,86815.4942323596,92275.64552610657,2017.2654601843,2160.2022996401715,2495.1633190693533
2025-03-11,78783.9405793426,85766.81228837688,91683.16895791763,1879.1231054991,2121.762809930014,2469.947384525913
2025-03-12,82799.1080292053,85122.28410529437,91224.85327043128,1921.3099227587,2086.0218069619714,2446.2398545493634
2025-03-13,83884.2457882899,84162.30764858774,90774.3287429132,1910.6551381032,2038.7748102740427,2421.2517991646832
2025-03-14,81098.9005243623,82890.521884058,90286.2928480322,1862.794936649,1990.2711246025428,2396.5771847261535
2025-03-15,83971.7091606463,82490.28948192837,89824.1435346779,1910.6662703455,1957.402047660057,2369.0570499508967
2025-03-16,84391.6908764717,82240.10484161814,89418.47776392369,1939.7856881721,1920.228645958843,2344.526272866506
2025-03-17,82610.6175034392,82505.74463739389,88922.5489645262,1887.7643429693,1901.7284863567,2316.6294231792367
2025-03-18,84075.3655969447,83261.66249705134,88472.72942794752,1929.1833577619,1908.8799509656712,2291.174822225087
2025-03-19,82780.0304868827,83258.93713386239,88027.08549568293,1932.7964059051,1910.520877129443,2266.93797750828
2025-03-20,86815.441094707,83677.67932049341,87728.3949575556,2060.7286010683,1931.9599432673144,2244.2320948740366
2025-03-21,84270.8435896623,84130.8140441077,87354.2266927779,1980.8317805246,1948.8223495352572,2221.2766708685367
2025-03-22,84009.532917822,84136.21743798994,86936.04873795221,1964.5293833168,1956.5170799597286,2196.2675890966934
2025-03-23,83793.3085419255,84050.73424734049,86449.68177660296,1979.5449257666,1962.1969710446572,2170.8659745355967
2025-03-24,85787.7091490177,84504.60448242314,86104.76690113512,2001.0470230952,1978.3802110626432,2148.955972162373
2025-03-25,87327.7296966908,84969.227925244,85796.8860862614,2077.739325832,1999.6024922155143,2126.0687752432964
2025-03-26,87520.5839153056,85646.44984359013,85503.32344706231,2068.5984350491,2019.0027820932285,2100.7825761286667
2025-03-27,86960.8555491039,85667.2233370754,85355.459736389,2009.8835432902,2011.7392024106427,2084.3419135683866
2025-03-28,87227.2715803237,86089.57019288417,85304.50981120988,2003.3034241292,2014.9494372113002,2067.9415126495933
2025-03-29,84359.4691550601,86139.56108391819,85319.82161753693,1896.917360046,2005.2905767440427,2053.6436268278135
2025-03-30,82679.1725538505,85980.39879990746,85252.15587671596,1829.2745211803,1983.8233760888572,2037.7753462737232
2025-03-31,82356.3811118376,85490.2090803103,85182.63853965345,1805.3378779436,1955.8649267814858,2023.4464685848766
2025-04-01,82514.0936539785,84802.54678849426,85066.26645155906,1824.207136761,1919.6460426284855,2010.4925614270098
2025-04-02,85237.5876052852,84476.40445849136,84765.46827622241,1907.1671522994,1896.5844308070998,1990.1535251982466
2025-04-03,82526.4221526433,83842.91397328269,84645.52520840314,1795.7618505675,1865.995617561,1978.4056024348235
2025-04-04,83163.9875738772,83262.44482950462,84507.29795050627,1818.2844199542,1839.5643312502857,1966.6318516487966
2025-04-05,83852.0076539959,83189.9503293526,84282.22883946492,1814.480775345,1827.7876762929998,1952.4017403296734
2025-04-06,83595.8855017749,83320.90932191323,84068.71166032174,1809.9358271722,1825.0250057204144,1939.3222433570966
2025-04-07,78211.4835819999,82728.78110336499,83783.3165805366,1574.6321611456,1792.0670461778427,1920.4516550971866
2025-04-08,79179.2922675778,82252.38090530773,83551.19354416776,1555.9098125709,1753.7388570078285,1898.9819988468632
2025-04-09,76329.090356324,80979.73844117043,83403.79192494493,1471.3608854366,1691.4808188845714,1880.7851796886066
2025-04-10,82622.170295463,80993.41674728753,83531.73291548228,1662.5331604642,1672.4481488698145,1873.5655148541098
2025-04-11,79596.3573225077,80483.75528280616,83424.97455859235,1523.9286242425,1630.3973209109997,1860.3194715702366
2025-04-12,83439.2881804376,80424.79535801212,83410.14263833062,1568.1316901259,1595.2045944511285,1848.9020233043266
2025-04-13,85305.0972839267,80668.96846974808,83550.34919698276,1645.8625733156,1571.7655581858999,1841.6709445265467
2025-04-14,83600.8201005454,81438.87368668316,83537.98622831273,1595.4227460001,1574.7356417365427,1831.1628270483668
2025-04-15,84523.4524914945,82202.32514724271,83542.37828214683,1621.5431955967,1584.1118393116571,1820.55474396252
2025-04-16,83656.4924885804,83249.09688042219,83577.24078165153,1587.8222244021,1600.7491734495854,1810.5566733436133
2025-04-17,84105.779421671,83461.04104130904,83578.25457580907,1577.707351676,1588.6312007655572,1798.8408064740831
2025-04-18,84930.90857601,84223.11979180937,83649.95051211333,1583.4764497002,1597.1380329738001,1787.1968079339201
2025-04-19,84433.7501721539,84365.185790626,83570.56081469488,1589.1516208271,1600.1408802168282,1771.4775752592134
2025-04-20,85126.6624430184,84339.69509906766,83599.08810980675,1615.0502549159,1595.739120445443,1759.2848577389232
2025-04-21,85073.165448581,84550.03014878703,83634.54252749872,1585.4600253443,1594.3158746374716,1746.6492124731733
2025-04-22,87452.0469906829,84968.40079152824,83756.50047579064,1577.4465595922,1588.0163552082572,1733.2459336006932
2025-04-23,93576.1658857398,86385.49699112242,84016.11570034803,1759.7064599311,1612.5712459981144,1725.2012481618901
2025-04-24,93605.4523087321,87742.59311784545,84225.37312074941,1793.9698494855,1643.4658885423285,1715.7422656170065
2025-04-25,93872.8142286729,89020.008211083,84437.11413119499,1769.3925107354,1670.0253258330715,1705.76873480655
2025-04-26,94773.1120064354,90497.05990169464,84697.52267977272,1788.7981804331,1698.546262919643,1698.3992227113133
2025-04-27,94644.0663712011,91856.68903429217,84944.74917280195,1821.2695303291,1728.0061594072429,1692.33142625131
2025-04-28,93809.3378196822,93104.71365873519,85259.74479495602,1793.691844073,1757.7535620827714,1688.8905757188766
2025-04-29,95030.6064547444,94187.36501074399,85671.45925831916,1799.501914492,1789.4757556398856,1687.8981554959332
2025-04-30,94256.3594631806,94284.53552180695,86068.12520336392,1796.9720456769,1794.7994107464287,1687.6192944203765
2025-05-01,94235.7533104817,94374.57852205691,86458.84719191403,1794.0495408618,1794.8107952287573,1686.6140412237366
2025-05-02,96426.9452227303,94739.45437835083,86831.8257791622,1838.8543285926,1804.7339120655,1684.3369471001768
2025-05-03,96855.5681343944,95036.94811091639,87309.4639785539,1841.427590837,1812.2523992660572,1685.8591384424933
2025-05-04,95922.8684240442,95219.6341184654,87734.7600068928,1834.5019118764,1814.1427394871,1686.399721506567
2025-05-05,94326.6204852925,95293.53164212403,88083.91376793601,1808.1560938441,1816.2090608829715,1686.18889878987
2025-05-06,94758.8237105546,95254.70553581117,88456.01170822867,1820.0044598894,1819.1379959397432,1686.5245198804434
2025-05-07,96854.5319881588,95625.8730393795,89077.44665510065,1816.1686943818,1821.8803743261572,1694.5757376549834
2025-05-08,97026.493769668,96024.55024783469,89672.35337183699,1810.3169269284,1824.2042866213856,1703.0559748002333
2025-05-09,103076.2755551293,96974.45458103453,90563.92621179715,2197.5611893239,1875.4481238687144,1727.2626515964766
2025-05-10,102962.540456923,97846.87919853862,91241.9385505125,2341.4079630026,1946.873891320943,1749.89181168109
2025-05-11,104630.8792994166,99090.88075216326,92076.42261640946,2583.682905143,2053.899747501886,1785.2169543777734
2025-05-12,103994.061616746,100471.94377094231,92761.58173095305,2507.4693107597,2153.8016356326857,1816.5282083989
2025-05-13,102876.8304286011,101631.65901637754,93347.3061691089,2492.4263910774,2249.8619115166853,1844.7470023242934
2025-05-14,104184.4903927074,102678.79593131306,94033.42851218095,2676.6391631279,2372.7862641947,1880.7875495618866
2025-05-15,103594.4257509071,103617.07192863293,94669.12762082803,2603.71808872,2486.129287307786,1913.5267126659965
2025-05-16,103708.8513642364,103707.43990136251,95337.53958334989,2542.2966924668,2535.3772163282,1945.3425282681533
2025-05-17,103556.0349398245,103792.22482749131,95985.88143395502,2544.3870377236,2564.3742270026282,1977.56518446974
2025-05-18,103212.364838855,103589.57990455393,96595.26330938317,2475.0543933697,2548.8558681778713,2007.2844492587235
2025-05-19,106030.6376831359,103880.51934260964,97315.15955974926,2465.3409856139,2542.837536014186,2036.4907614182835
2025-05-20,105629.4158043669,104273.7458248619,97998.5846717942,2526.9896438913,2547.7751435590285,2066.888741050797
2025-05-21,106786.7199583404,104645.4929056666,98722.36982211952,2524.2743433146,2526.0087407285573,2098.182551649807
2025-05-22,109665.8637162526,105512.84118643023,99462.8303796385,2558.9502343769,2519.613332965257,2130.8993408092965
2025-05-23,111560.356938144,106634.48483984561,100062.30341471866,2657.1674447566,2536.023440435228,2160.8147069701467
2025-05-24,107216.6685687062,107157.43250111442,100516.01062338446,2519.8138090451,2532.5129791954428,2185.0095056221335
2025-05-25,107831.3637438038,107817.28948753569,100981.29560722216,2529.4429842284,2540.282777889543,2210.3445214052335
2025-05-26,108861.8103774433,108221.7427295796,101450.91888625575,2546.6201163371,2551.894082278571,2235.6052526020335
2025-05-27,109377.7151326313,108757.2140621888,101942.04051163675,2562.1729286392,2556.920265813986,2260.3020325457037
2025-05-28,109068.4569490144,109083.17648942795,102450.67781594783,2662.0940568241,2576.6087963153427,2289.24877297074
2025-05-29,107838.1843110015,108822.07943153493,102877.59707782305,2676.2674124507,2593.3683931830283,2318.4742895693635
2025-05-30,105745.4166035804,107991.37366945444,103260.56564916973,2633.1392065287,2589.9357877219,2346.3465282644233
2025-05-31,104010.9195624264,107533.40952570015,103586.40452423455,2524.4762348051,2590.601848544757,2370.6940847292
2025-06-01,104687.5074293488,107084.28719506373,103861.7565977885,2532.3627853091,2591.018962984857,2393.8110332864167
2025-06-02,105710.0059382282,106634.02941803301,104156.90452458296,2538.3300584367,2589.834668999086,2417.04111553974
2025-06-03,105884.7426322115,106135.03334654446,104488.96699818852,2609.7372539594,2596.629572616257,2442.8822936091733
2025-06-04,105434.4774514497,105615.89341832092,104859.22889706044,2595.4689570063,2587.1117012137142,2469.12605571458
2025-06-05,104812.9182188067,105183.71254800739,105194.36538066884,2610.3431898283,2577.6939551248,2495.4706800458766
2025-06-06,101650.7387545425,104598.75856957342,105354.2389395483,2421.6011037635,2547.474226158343,2515.6517603585994
2025-06-07,104409.7496795914,104655.73430059699,105600.34746987908,2481.403983669,2541.3210474246143,2538.02132891662
2025-06-08,105681.4546141758,104797.72675557225,105687.1867718473,2526.2919958898,2540.4537917932857,2548.9790224688168
2025-06-09,105692.2474069901,104795.18982253825,105778.17700351619,2508.7841235846,2536.2329439572713,2554.55822782155
2025-06-10,110261.574859485,105420.45156929162,105965.86685551847,2685.0001850413,2546.984791254686,2557.935470484826
2025-06-11,110212.732521096,106103.05943638393,106173.15588566348,2808.5032083149,2577.418255727343,2567.969933736667
2025-06-12,108679.9760916168,106655.49627535681,106366.59407443066,2776.1371915822,2601.103113120757,2577.42696042016
2025-06-13,105979.2290237591,107273.85202810202,106426.41869546572,2653.1589684527,2634.1828080763567,2576.6442872643197
2025-06-14,106045.564408192,107507.53984647353,106508.12331737523,2577.0486175258,2647.846327198757,2575.75530489118
2025-06-15,105482.9061162892,107479.1757753469,106567.25847577698,2534.070219536,2648.957502005357,2575.4810891268203
2025-06-16,105554.4938306172,107459.4966930079,106633.87377213674,2547.845604092,2654.5377135064145,2575.5963746724333
2025-06-17,106951.2720181497,106986.59628710286,106758.50401144657,2561.3298435694,2636.8705218675714,2578.4722230124235
2025-06-18,104683.4247983572,106196.69518385445,106713.59691528727,2514.9867005761,2594.9395921906,2580.12708017783
2025-06-19,104722.695052907,105631.36932118163,106683.3728902386,2521.3334233965,2558.539053878357,2579.93853949467
2025-06-20,104690.6500245812,105447.28660701336,106613.50389244664,2522.1791903642,2539.827657008572,2579.8687010629897
2025-06-21,103290.105144757,105053.64956937978,106400.97860673013,2405.6954342132,2515.3486308210568,2574.7602077242
2025-06-22,101532.5683847329,104489.31560772889,106066.71898828307,2270.5819960556,2477.7074560381434,2561.8740261008334
2025-06-23,100852.5826464883,103817.61400999619,105854.58279087581,2227.4287266372,2431.933616401743,2552.1278566872365
2025-06-24,105511.6243793313,103611.95006159355,105777.2581453934,2423.8996442686,2412.3007307873427,2548.6097453552434
2025-06-25,105976.0692980845,103796.61356155461,105681.06677608144,2446.539301545,2402.522530925757,2545.2737181955067
2025-06-26,107238.5304501627,104156.01861830542,105609.76061999914,2417.2267855277,2387.6501540873574,2540.44218009179
2025-06-27,106984.0125377566,104483.64183447334,105540.2791396239,2415.0318648766,2372.3433933034144,2532.20677369354
2025-06-28,107078.9156064407,105024.90047185672,105514.97018280519,2423.0302896732,2374.8198012262715,2523.7655362676232
2025-06-29,107331.5854846358,105853.33148612855,105567.84247884038,2437.1330017802,2398.6128020440715,2517.23199610934
2025-06-30,108396.6163131789,106931.05058137006,105714.03237053212,2502.6672721177,2437.932594255571,2516.505030686427
2025-07-01,107132.799107019,107162.64697103974,105795.54209312114,2488.1907816898,2447.1170424586003,2515.032630565783
2025-07-02,105613.3997416306,107110.83703440346,105792.32188656788,2405.10455928,2441.1977935636,2510.5917805938934
2025-07-03,108824.4442316794,107337.39614604872,105890.31193988348,2574.0677184951,2463.6036411303717,2509.4027960784165
2025-07-04,109602.2048391402,107711.42361767494,106029.23618613982,2590.1322315902,2488.617979232314,2509.224905231213
2025-07-05,108040.8919400104,107848.84880818489,106136.83531017996,2509.2363457834,2500.9331301052002,2505.854677096383
2025-07-06,108217.4684999243,107975.40352465468,106355.72630169267,2517.3791783506,2512.3968696152574,2509.0472795826204
2025-07-07,109215.1977184028,108092.34372540096,106515.90790298638,2571.358192116,2522.2098581864425,2512.04575319752
2025-07-08,108300.7167578503,108259.18910409114,106603.21664110888,2543.6317028067,2530.129989774571,2512.6237434280833
2025-07-09,108953.191877278,108736.30226632649,106711.91479011848,2615.7759888945,2560.2259082909286,2516.1901389384134
2025-07-10,111327.5305424567,109093.88602500896,106747.44664621752,2772.5795626609,2588.584743171757,2519.1094515257337
2025-07-11,115879.650301125,109990.66394814965,106936.34390555184,2948.4462027029,2639.7724533307146,2523.7742180053333
2025-07-12,117571.0251003602,111352.11154248533,107232.71220584329,2958.8514450991,2704.003181804386,2529.8646931225635
2025-07-13,117418.9574500768,112666.60996393568,107614.03648672052,2942.9616055388,2764.8006714027,2539.5247810254336
2025-07-14,119117.5566632764,114081.2326703462,108049.76956189002,2974.2654952333,2822.3588575623144,2552.7653436156834
2025-07-15,119833.6744671236,115728.79805738525,108528.12850691783,3012.1797069059,2889.2942867193424,2568.702326528013
2025-07-16,117678.1949340431,116975.22706549455,108932.25187703202,3133.069857747,2963.1934108411288,2588.2098016498467
2025-07-17,118748.1627367753,118035.31737896861,109325.48156765288,3368.1265215261,3048.271547821871,2615.1030242484035
2025-07-18,119445.3652043404,118544.7052222851,109817.54624785231,3481.8828152374,3124.4767781839428,2647.3328947371133
2025-07-19,117988.9466445579,118604.40830002763,110259.75463424069,3547.3170790012,3208.5432973128145,2681.532349923937
2025-07-20,117901.6265590087,118673.36102987504,110700.1205187216,3594.318501081,3301.594282390271,2717.27032694783
2025-07-21,117256.9208222684,118407.55590973106,111165.68104130529,3758.605581814,3413.6428661875143,2762.3673318678566
2025-07-22,117482.4697776729,118071.6695255238,111697.34442106998,3765.4536240236,3521.2534257757575,2812.1963861334566
2025-07-23,119955.7957060765,118397.04106438572,112334.11818972293,3746.9406687316,3608.9492559164146,2862.84678420327
2025-07-24,118629.0558813043,118380.02579931845,112771.36590645534,3630.0535314809,3646.3674001956715,2903.051913777013
2025-07-25,118354.4351743859,118224.17865218209,113183.97810233205,3708.4299352383,3678.731274481514,2945.1149349001234
2025-07-26,117540.8083708574,118160.1588987963,113527.38736635522,3723.0529092786,3703.836393092571,2988.6424723584864
2025-07-27,117959.5423436062,118168.43258231024,113893.23835988353,3742.431425866,3724.995382347571,3032.889124391467
2025-07-28,119418.9140514147,118477.28875790257,114304.57164138267,3864.1248374655,3740.069561726357,3080.925609317877
2025-07-29,118003.3020160783,118551.69336338903,114660.29552576409,3786.303845996,3743.0481648652712,3125.897970791737
2025-07-30,117853.3089286382,118251.33810946929,114975.51861294608,3788.5983716058,3748.999265275871,3168.7623407746732
2025-07-31,117833.2408799593,118137.65025213429,115332.2000053774,3807.4166010824,3774.3368466475144,3212.7365347544264
2025-08-01,115700.0024391578,117758.44557567313,115668.42009529498,3696.6628530851,3772.655834911343,3255.788477881263
2025-08-02,113234.6051343189,117143.27368473906,115815.4254587163,3483.178955158,3738.388127179828,3286.0921857700264
2025-08-03,112554.9023222172,116371.18225311206,115913.8487081522,3397.4855484143,3689.1101446867287,3313.0039629974967
2025-08-04,114199.1096646076,115625.49591213961,116119.12263230543,3497.5731278224,3636.7456147377147,3345.9485223987963
2025-08-05,115138.6861307018,115216.26507137154,116349.82988666468,3715.7090148551,3626.6606388604428,3385.89285028228
2025-08-06,114128.3540888168,114684.12866568277,116513.60176567848,3612.4424322367,3601.495504664857,3420.595658286303
2025-08-07,115022.0957683089,114282.53650687556,116737.64773269377,3684.0459195727,3583.8711215920425,3458.609465511837
2025-08-08,117463.4745108523,114534.46108854622,117021.32382047959,3911.2609462691,3614.5279920469,3501.7922974243234
2025-08-09,116688.3666318606,115027.85558819503,117200.01835679305,4012.9769700124,3690.2134227403853,3543.138877669373
2025-08-10,116510.0839321376,115592.88153246937,117221.03281116013,4265.5632583335,3814.224524157414,3587.042779523727
2025-08-11,119266.9251688056,116316.85517592623,117277.56281344165,4253.5916189512,3922.2271657472425,3630.2007853187965
2025-08-12,118773.7996086099,116836.15710134165,117322.7242187261,4228.8242132612,3995.529336948114,3673.0628722428764
2025-08-13,120202.5348550317,117703.89721080093,117358.89015845125,4606.8094277095,4137.5817648728,3727.4810033254166
2025-08-14,123560.993635773,118923.73976329582,117483.13413073958,4763.6525353222,4291.8112814084425,3785.8634309392937
2025-08-15,118405.5957982395,119058.32851863686,117507.38082621279,4554.2915015386,4383.672789304086,3833.2374857323466
2025-08-16,117339.7919021328,119151.38927153288,117460.4351317247,4430.5324650178,4443.323574304856,3868.6510171820696
2025-08-17,117501.2165339496,119292.97964322031,117395.63017604502,4426.8269133113,4466.361239301686,3900.1491537845336
2025-08-18,117542.8368777809,119046.68131593105,117380.75985048577,4487.1180137592,4499.722152845686,3931.4758516098
2025-08-19,116256.4127674095,118687.054624331,117325.9193907658,4317.2757573282,4512.3580877123995,3955.57442681804
2025-08-20,112778.3448355584,117626.45605012053,117176.63352454215,4074.4957861005,4436.313281768257,3966.1041002942566
2025-08-21,114252.397551954,116296.65660957496,117068.9644503515,4330.4915987681,4374.433147974814,3984.938699452407
2025-08-22,112414.3998733651,115440.77147745003,116817.58458926113,4224.4385925807,4327.3113038379715,4000.8552969140433
2025-08-23,116834.2494820229,115368.55113172006,116757.75770928508,4829.2255417983,4384.267457663757,4040.8276972579565
2025-08-24,115359.9834671474,115062.66069360544,116657.94265237713,4773.8840885988,4433.8470541334,4076.3428357033063
2025-08-25,113399.5484731497,114470.76235008672,116519.90065578687,4778.1091607138,4475.417217984057,4111.5113774178135
2025-08-26,110185.3544390043,113603.46830317168,116260.7610589668,4381.6261760715,4484.610134947386,4132.81786909133
2025-08-27,111842.709992606,113469.80618274992,116008.22092367319,4602.369685334,4560.020691980743,4157.426030686946
2025-08-28,111216.0847962917,113036.0472176553,115781.9803496803,4500.1451479982,4584.2569132993285,4181.220740753687
2025-08-29,112525.5974066979,113051.93257955999,115604.38996561563,4507.5604310327,4624.702890221042,4205.186142734583
2025-08-30,108480.3066663937,111858.51217732723,115292.62549183011,4364.3585214304,4558.293315882771,4223.7508734128505
2025-08-31,108781.9572792569,110918.79415048574,115062.02398650006,4373.3603576209,4501.0756400287855,4246.307456897377
2025-09-01,108253.3609238562,110183.62450058668,114895.98251281798,4388.9314645194,4445.478826286729,4276.499207209423
2025-09-02,109162.685579923,110037.52894928935,114782.90862140819,4303.2022227455,4434.275404383015,4306.689763020463
2025-09-03,111190.1820984542,109944.31067869623,114682.61103586972,4325.8563062259,4394.773493081857,4334.29920230058
2025-09-04,111711.5197772512,110015.08710454758,114568.37215742139,4449.8670977283,4387.590914471872,4358.771138396353
2025-09-05,110724.736377486,109757.8212432316,114454.91823371036,4298.0946605446,4357.667232973572,4381.626212673283
2025-09-06,110662.1811262851,110069.51759464467,114309.58774564289,4306.6135131003,4349.417946069271,4402.37846579087
2025-09-07,110209.1888247784,110273.40781543344,114067.77822277375,4273.1100241578,4335.0964698602575,4414.440101720494
2025-09-08,111131.9923868407,110684.64088157409,113882.56574793976,4304.032421076,4322.968035082628,4424.14195008928
2025-09-09,112025.1287811877,111093.5613388976,113733.0672429081,4309.685702772,4323.894246514986,4425.612698237229
2025-09-10,111547.4395643479,111144.59811973956,113475.75105609283,4309.34274612,4321.535166499857,4427.471069142857
2025-09-11,113975.3248946877,111467.99885080193,113315.8018989621,4347.4768036707,4306.907981634486,4431.426155489839
2025-09-12,115503.1666319304,112150.63174429398,113159.15629152539,4459.3190159988,4329.940032413658,4426.5098084328165
2025-09-13,116160.1434459449,112936.0549328168,112912.46128519779,4708.84174415,4387.4012082779,4424.682782060409
2025-09-14,115970.5848844303,113759.11151276708,112831.29425473747,4667.6996526303,4443.771155202543,4428.463053763467
2025-09-15,115373.5555588683,114365.04910877103,112765.75304329534,4609.7861109508,4487.450253756086,4434.4381752945665
2025-09-16,115397.2527272751,114846.78110106922,112695.62091640617,4524.2449391025,4518.101573231871,4437.68544282094
2025-09-17,116762.8496864193,115591.83968993658,112669.6213433608,4504.2666355228,4545.947843146557,4438.2570635463935
2025-09-18,116455.9464822532,115946.21420244593,112676.27246718892,4591.7687943313,4580.846698955214,4447.406831446497
2025-09-19,117145.4950895201,116180.83255353018,112821.84414232097,4590.6367372135,4599.606373414457,4464.61152981693
2025-09-20,115655.8104644134,116108.78498473996,112868.62457273628,4470.4794740094,4565.554620537228,4469.277792324973
2025-09-21,115715.5153678177,116072.34648236675,112978.6617558847,4481.7994723682,4538.997451928357,4477.85648831789
2025-09-22,115304.4799940704,116062.47854453846,112927.66943961963,4452.8711303779,4516.5810261322285,4465.311341270543
2025-09-23,112696.7410171186,115676.69115737324,112838.89469128534,4199.9517740176,4470.253431120101,4446.1802641178365
2025-09-24,112022.165878612,114999.45061340078,112792.9819381341,4166.1905498775,4421.956847456486,4425.78297708996
2025-09-25,113320.5690854101,114551.5395567089,112897.48909301427,4148.6568276203,4358.655137926343,4418.017332141587
2025-09-26,108963.5301359563,113382.6874204855,112801.51643112596,3863.0632875907,4254.716073694514,4393.373785550143
2025-09-27,109710.2087466774,112533.3157465232,112751.32056280547,4037.0979210261,4192.804423268329,4377.938877984406
2025-09-28,109654.8102107573,111667.500724086,112655.62765627411,4018.1674531057,4126.5712776594,4361.625778720173
2025-09-29,112142.5736275267,111215.79981457978,112777.7032216452,4141.8396640865,4082.138211046343,4354.208483475377
2025-09-30,114309.1504111945,111446.14401373347,112961.94299270981,4215.6127894793,4084.375498969443,4348.95023120399
2025-10-01,114024.2278355005,111732.15286471754,113154.30522309795,4144.2304633716,4081.2383437543144,4340.79353116573
2025-10-02,118503.2445175248,112472.53506930535,113465.65718768467,4343.9519834405,4109.137651728629,4342.15185652223
2025-10-03,120611.7191159105,114136.56206644166,113779.70842159989,4484.0062459095,4197.843788631314,4347.42352117835
2025-10-04,122250.151868428,115927.98251240604,114130.99615797243,4515.7590681597,4266.223952507543,4349.619920192729
2025-10-05,122380.9370846327,117746.0006372454,114519.536181544,4487.7066516733,4333.300980874343,4355.94031989702
2025-10-06,123506.1852002768,119369.37371906683,114947.66965067707,4515.3213919653,4386.655513428457,4362.897249192521
2025-10-07,124773.5082307443,120864.28197900251,115433.14696420926,4689.1317347466,4454.3010770380715,4376.76463954548
2025-10-08,121518.7559357507,121934.92885046682,115779.37241583959,4454.3284628667,4498.600791251657,4381.77450760517
2025-10-09,123352.504875232,122627.68033013928,116156.95161897439,4527.5780045479,4524.833079981286,4389.037584331033
2025-10-10,121698.0306677832,122782.86769469254,116495.30465575558,4368.6494393853,4508.353536192115,4391.014474106543
2025-10-11,113201.740641389,121490.23751940124,116469.51851397895,3835.6328420501,4411.192646747886,4373.953008719191
2025-10-12,110853.116638839,119843.40602714499,116314.51684754257,3749.2181859549,4305.6942945024,4350.28298105106
2025-10-13,115189.5714637257,118655.31835049484,116282.16444813527,4159.7293077919,4254.895425334771,4331.979233172457
2025-10-14,115222.2830211652,117290.85760626926,116257.2210526931,4246.2174615548,4191.6219577359425,4317.9298268032735
2025-10-15,113156.5694382691,116096.25953520046,116183.32151533979,4128.8884470339,4145.130526902686,4301.89990467271
2025-10-16,110708.6696087942,114289.99735428077,116027.03541139043,3983.1544356894,4067.3557313514716,4283.8635545589395
2025-10-17,108076.7286203319,112344.09706178773,115737.49804252083,3890.199301248,3999.0057116175717,4263.394643416447
2025-10-18,106443.6119498464,111378.65010585308,115403.75355810729,3831.2441758357,3998.3787593012285,4238.043822799927
2025-10-19,107156.0033764772,110850.49106837282,115070.77050100586,3889.4990302043,4018.4188799082854,4214.67256589962
2025-10-20,108621.134857428,109912.14298175885,114836.28131410635,3985.0765644047,3993.4684879958286,4198.4924689127965
2025-10-21,110608.5714932665,109253.04133491618,114666.0498516213,3978.7901551344,3955.2645870786287,4181.72549167167
2025-10-22,108486.1026271664,108585.83179047293,114438.77060605782,3877.487197955,3919.3501229245003,4162.546027257574
2025-10-23,107618.4266715404,108144.36851372241,114269.49346120522,3801.7907952383,3893.4410314314855,4149.273994631597
2025-10-24,110048.5182729163,108426.05274980588,114203.70520768203,3855.8421162401,3888.5328621446424,4138.929046843684
2025-10-25,110997.804371297,109076.65166715595,114126.2797172116,3933.232269901,3903.102589868257,4131.74822825304
2025-10-26,111620.3093731354,109714.40966667856,114214.83902511756,3952.2135579356,3912.0618081155853,4134.719903931203
2025-10-27,114476.0122750858,110550.82072634397,114373.69914273119,4161.5908962492,3937.2781412362287,4138.869669771973
2025-10-28,114182.7944280676,111061.42400274413,114524.63194997485,4123.2062206717,3957.909007741557,4142.370962024173
2025-10-29,112950.3486325947,111699.17343209103,114551.55778347714,3982.3127893175,3972.884092221914,4137.053399531873
2025-10-30,110046.6692583728,112046.06523020995,114409.47507838307,3897.359267617,3986.5367311331574,4126.44494880313
2025-10-31,108240.7652872572,111787.8148036872,114216.69299344163,3802.2953645332,3978.887195175029,4115.047112175183
2025-11-01,109573.9055562912,111584.40068725783,113919.0483614005,3847.2981773652,3966.6108962413427,4098.491985306007
2025-11-02,110014.1355677609,111354.94728649003,113565.79557646219,3872.2118961958,3955.1820874213713,4078.0988403155498
2025-11-03,110650.2092823146,110808.40400180842,113179.13082359174,3910.0947691627,3919.254069266157,4057.9100303489836
2025-11-04,106521.0867382576,109713.87433183557,112650.46914537923,3600.7155024878,3844.612538097029,4028.343658709467
2025-11-05,101635.2740227234,108097.43510185395,111921.43877279412,3296.7437604313,3746.674105399,3987.7244043250003
2025-11-06,103877.9596595516,107216.19087345092,111224.9204870877,3427.6905913707,3679.578580220957,3945.67636621247
2025-11-07,101322.6402945857,106227.88730306928,110551.7166323822,3308.918164922,3609.0961231336432,3907.496022947647
2025-11-08,103396.084215925,105345.34139730268,109886.5026104053,3434.35122853,3550.1037018714715,3871.0551304137166
2025-11-09,102290.1371465517,104241.91305141566,109239.57282636425,3401.4594003397,3482.8533453206,3838.81546244553
2025-11-10,104709.6786165627,103393.26581345111,108956.50409220338,3576.2547046627,3435.161907534886,3830.169524532617
2025-11-11,105909.0727232174,103305.83523987392,108791.70262834932,3564.6105957999,3430.0040637223283,3824.015938194117
2025-11-12,102960.7756450056,103495.19261448567,108384.07610105864,3416.7813282593,3447.1522876977574,3799.2510055430303
2025-11-13,101521.7085945359,103158.58531948343,107927.39028683768,3409.6144555412,3444.569982579257,3771.36423867591
2025-11-14,99730.4533956204,102931.13004820267,107479.85308541605,3235.7276362969,3434.114192775671,3741.5922116513434
2025-11-15,94456.3936823534,101654.03140054959,106938.1105545347,3106.6012878651,3387.2927726806856,3712.3737733905336
2025-11-16,95508.310198892,100685.19897945535,106519.16327382003,3170.1129807405,3354.2432841665145,3688.3708960402832
2025-11-17,94411.3294718297,99214.00624449349,106118.08719121946,3101.686799467,3286.447869138557,3664.052316827993
2025-11-18,92036.7255045672,97232.24235611489,105614.1112621558,3021.3021576301,3208.8323779714433,3635.11242107552
2025-11-19,92819.759215009,95783.52572325824,105087.39874074183,3117.2225871583,3166.0382720998714,3606.1839551673065
2025-11-20,91363.2783869337,94332.32140788648,104445.88897053075,3017.7483614098,3110.0574015096718,3574.14922870982
2025-11-21,86649.9725791823,92463.68129125248,103718.01796893128,2832.0683583343,3052.391790372157,3539.3019340557967
2025-11-22,85051.8019295002,91120.16818370202,102965.79714419661,2764.7352186752,3003.5537804878854,3504.733414837027
2025-11-23,84682.6242914775,89573.64162549993,102120.26734481532,2768.6178294996,2946.197330310614,3468.49260527901
2025-11-24,86783.8476683958,88484.00136786653,101313.13545471862,2799.8149340925,2903.072778114257,3430.712027418727
2025-11-25,88229.3574071977,87940.09163967089,100533.437055854,2953.3276457522,2893.3621335602716,3397.4158303459467
2025-11-26,87310.3315995044,87153.03055174167,99627.91436666796,2955.0464693213,2870.1941167264144,3357.1976827816834
2025-11-27,90474.226779697,87026.02317927928,98837.62877838896,3027.4772491325,2871.5839578296573,3320.673383730377
2025-11-28,91279.0605717642,87687.32146393383,98115.25250969459,3015.6118196921,2897.8044523093427,3288.450018076197
2025-11-29,90950.3769591099,88529.97503959236,97478.70943305249,3033.1356454142,2936.1473704149143,3259.6425640027696
2025-11-30,90841.4525819368,89409.80765251513,96898.73234287514,2991.2330117033,2967.949539301157,3232.607152241773
2025-12-01,90406.2844857115,89927.29862641737,96259.81164052249,2992.8341859496,2995.523718137886,3204.1250191945865
2025-12-02,86281.4951977692,89649.03259649899,95468.72362818943,2799.0367919902,2973.482167600457,3168.352515721067
2025-12-03,91344.7327515017,90225.37561821289,94825.20774382901,2995.7511493228,2979.297121886386,3137.8743950597363
2025-12-04,93619.437508171,90674.69143656631,94395.15276949278,3195.4089919086,3003.2873708544,3124.3641780404296
2025-12-05,92140.7041979579,90797.78338316541,94078.66710866727,3133.6982356186,3020.1568588439,3118.9293272133395
2025-12-06,89307.0915451296,90563.02832402538,93592.9715048532,3022.6564205232,3018.659826716614,3105.42818818509
2025-12-07,89244.7620814118,90334.92968109323,93190.37556441408,3039.3585731332,3025.534906920886,3096.4428684587965
2025-12-08,90162.9071400713,90300.16148885891,92749.26966188563,3052.9763304365,3034.1266418475857,3083.73037185568
2025-12-09,90618.0535204608,90919.66982067202,92360.20020768259,3125.321462184,3080.738737589557,3074.5257739171566
2025-12-10,92723.2137206963,91116.5956734141,91960.65137782038,3322.4692178366,3127.412747377243,3066.0662576896198
2025-12-11,92005.1371495741,90885.9813364717,91497.18685869893,3326.2602116375,3146.1057787670857,3058.1212448842066
2025-12-12,92494.1769164041,90936.47743910688,91148.30023441222,3236.0986208579,3160.734405229843,3052.0984879708267
